pulm_2	pulm_1	by	score	n
ejective	pulmonic	labial	0.800465418045	372998
pulmonic	ejective	labial	0.518999406808	694548
ejective	pulmonic	velar	0.600393081761	25440
pulmonic	ejective	velar	0.559512578616	178080
ejective	pulmonic	coronal	0.591316292403	16744
pulmonic	ejective	coronal	0.577008395331	117208
