pulm_2	pulm_1	by	score	n
ejective	pulmonic	0	0.705495786101	2404424
pulmonic	ejective	0	0.488223788094	8360838
