pulm_2	pulm_1	by	score	n
ejective	pulmonic	s08	0.684663829872	400452
pulmonic	ejective	s08	0.578118526066	1177800
ejective	pulmonic	s09	0.72472953723	207792
pulmonic	ejective	s09	0.589022645474	894660
